"id","username","e-mail","password"
"110001","venaz_oyojo3","venaz_oyojo3@alfabank.ru","test123456"
"110002","zoduvon-ofe57","zoduvon-ofe57@alfabank.ru","test123456"
"110003","cuvom_awive11","cuvom_awive11@alfabank.ru","test123456"
"110004","mucaw-ehuye79","mucaw-ehuye79@alfabank.ru","test123456"
"110005","veboko_dawo99","veboko_dawo99@alfabank.ru","7 (991) 546-42-30"
"110006","safi-tokava15","safi-tokava15@alfabank.ru","7 (900) 309-50-42"
"110007","yanaw-ilaye69","yanaw-ilaye69@alfabank.ru","7 (933) 633-60-14"
"110008","hew_irokoyu26","hew_irokoyu26@alfabank.ru","7 (905) 203-90-35"
"110009","gubeh_enowa26","gubeh_enowa26@alfabank.ru","7 (938) 924-60-31"
"110010","kecogu-zopu54","kecogu-zopu54@alfabank.ru","7 (963) 308-54-51"
"110011","tekoza-bivu65","tekoza-bivu65@alfabank.ru","7 (995) 470-35-44"
"110012","yina-lusoxo14","yina-lusoxo14@alfabank.ru","7 (984) 086-69-85"
"110013","rawihi-yohi84","rawihi-yohi84@alfabank.ru","7 (901) 283-33-57"
"110014","palubem-uka96","palubem-uka96@alfabank.ru","7 (913) 736-30-58"
"110015","hafi_zinogo8","hafi_zinogo8@alfabank.ru","7 (902) 773-91-80"
"110016","bozezah-etu32","bozezah-etu32@alfabank.ru","7 (956) 839-20-17"
"110017","jobe-gexuti22","jobe-gexuti22@alfabank.ru","7 (960) 432-93-30"
"110018","yededi_mema4","yededi_mema4@alfabank.ru","7 (963) 676-88-01"
"110019","joxiro_muma5","joxiro_muma5@alfabank.ru","7 (929) 254-73-52"
"110020","yiz_owufaba37","yiz_owufaba37@alfabank.ru","7 (934) 554-28-37"
"110021","mojugom-ono33","mojugom-ono33@alfabank.ru","7 (968) 501-69-49"
"110022","zokoy-isepe14","zokoy-isepe14@alfabank.ru","7 (980) 532-65-55"
"110023","voremaz-ahu94","voremaz-ahu94@alfabank.ru","7 (952) 298-73-03"
"110024","cep_abepaji1","cep_abepaji1@alfabank.ru","7 (903) 787-86-69"
"110025","futomo_vazi1","futomo_vazi1@alfabank.ru","7 (989) 483-03-02"
"110026","riniva-newe3","riniva-newe3@alfabank.ru","7 (903) 085-40-31"
"110027","dig_ahepiju9","dig_ahepiju9@alfabank.ru","7 (929) 878-45-99"
"110028","hadu_yopabu31","hadu_yopabu31@alfabank.ru","7 (965) 574-65-09"
"110029","digokab_elu47","digokab_elu47@alfabank.ru","7 (977) 086-92-33"
"110030","gika-yusigi14","gika-yusigi14@alfabank.ru","7 (950) 127-93-37"
"110031","hozusa-biye5","hozusa-biye5@alfabank.ru","7 (954) 880-37-54"
"110032","pidi_suwofi72","pidi_suwofi72@alfabank.ru","7 (908) 521-28-35"
"110033","ropem-awiju6","ropem-awiju6@alfabank.ru","7 (938) 841-60-48"
"110034","yoma_kukaha1","yoma_kukaha1@alfabank.ru","7 (901) 688-34-37"
"110035","hutevat-ece88","hutevat-ece88@alfabank.ru","7 (968) 031-56-35"
"110036","sug_ayonuca4","sug_ayonuca4@alfabank.ru","7 (970) 735-13-30"
"110037","dak_aguwoke99","dak_aguwoke99@alfabank.ru","7 (920) 751-78-70"
"110038","hifekis-ubu65","hifekis-ubu65@alfabank.ru","7 (982) 350-84-64"
"110039","moyey_ifebi10","moyey_ifebi10@alfabank.ru","7 (903) 666-26-32"
"110040","fedogi_tezu49","fedogi_tezu49@alfabank.ru","7 (906) 765-72-26"
"110041","zov_epatepu5","zov_epatepu5@alfabank.ru","7 (964) 318-49-60"
"110042","pofuniw_ime29","pofuniw_ime29@alfabank.ru","7 (911) 797-00-06"
"110043","teviwo-ruxi64","teviwo-ruxi64@alfabank.ru","7 (925) 096-84-43"
"110044","jaxu_vuguxe4","jaxu_vuguxe4@alfabank.ru","7 (916) 869-10-32"
"110045","cenicah-anu75","cenicah-anu75@alfabank.ru","7 (970) 535-82-95"
"110046","gimepel_ilu40","gimepel_ilu40@alfabank.ru","7 (908) 853-27-96"
"110047","puw-ucuseri15","puw-ucuseri15@alfabank.ru","7 (909) 815-19-67"
"110048","kih_eyulavu30","kih_eyulavu30@alfabank.ru","7 (961) 082-82-35"
"110049","tegi-voweru5","tegi-voweru5@alfabank.ru","7 (903) 700-59-58"
"110050","wodod_ezeyu88","wodod_ezeyu88@alfabank.ru","7 (978) 023-92-62"
"110051","jojavol-ani68","jojavol-ani68@alfabank.ru","7 (900) 106-81-62"
"110052","govido_dare5","govido_dare5@alfabank.ru","7 (920) 685-07-88"
"110053","ralok-ujoga1","ralok-ujoga1@alfabank.ru","7 (906) 830-10-97"
"110054","gakod_apira88","gakod_apira88@alfabank.ru","7 (966) 784-69-88"
"110055","lom-enuwito37","lom-enuwito37@alfabank.ru","7 (983) 059-54-32"
"110056","sagovu_gazu7","sagovu_gazu7@alfabank.ru","7 (963) 689-20-08"
"110057","tos-uhabike77","tos-uhabike77@alfabank.ru","7 (912) 086-62-84"
"110058","banivum_iko57","banivum_iko57@alfabank.ru","7 (925) 164-41-95"
"110059","woro_furapo4","woro_furapo4@alfabank.ru","7 (964) 287-73-28"
"110060","nafopo-yine18","nafopo-yine18@alfabank.ru","7 (999) 535-59-39"
"110061","fajiwo_sule11","fajiwo_sule11@alfabank.ru","7 (994) 326-40-90"
"110062","vifu_rovoha2","vifu_rovoha2@alfabank.ru","7 (914) 148-04-50"
"110063","ruy_itupami11","ruy_itupami11@alfabank.ru","7 (987) 650-36-07"
"110064","towihiw_ede61","towihiw_ede61@alfabank.ru","7 (937) 620-94-22"
"110065","sapuzor-eye25","sapuzor-eye25@alfabank.ru","7 (923) 313-78-74"
"110066","dinuk-epezi91","dinuk-epezi91@alfabank.ru","7 (968) 562-23-82"
"110067","tela_hokeju28","tela_hokeju28@alfabank.ru","7 (920) 207-88-25"
"110068","pukux-isewi7","pukux-isewi7@alfabank.ru","7 (932) 467-35-95"
"110069","yoyol-onoha20","yoyol-onoha20@alfabank.ru","7 (963) 852-73-77"
"110070","lej_eluvowo46","lej_eluvowo46@alfabank.ru","7 (906) 423-56-59"
"110071","gan-ovusuli31","gan-ovusuli31@alfabank.ru","7 (960) 904-93-32"
"110072","zugura-fera52","zugura-fera52@alfabank.ru","7 (920) 872-70-52"
"110073","padixu_xifo44","padixu_xifo44@alfabank.ru","7 (992) 135-56-41"
"110074","xuzam-ehoxi45","xuzam-ehoxi45@alfabank.ru","7 (985) 325-89-49"
"110075","hoyifur-ana5","hoyifur-ana5@alfabank.ru","7 (989) 675-35-79"
"110076","hoz_ivegawu61","hoz_ivegawu61@alfabank.ru","7 (963) 907-73-90"
"110077","tohi-vunuja38","tohi-vunuja38@alfabank.ru","7 (978) 394-17-25"
"110078","xecefed_abu44","xecefed_abu44@alfabank.ru","7 (969) 724-05-66"
"110079","velejah-aco16","velejah-aco16@alfabank.ru","7 (932) 706-01-47"
"110080","taxow-uzaje81","taxow-uzaje81@alfabank.ru","7 (956) 502-24-01"
"110081","xupiz_arawi68","xupiz_arawi68@alfabank.ru","7 (982) 291-42-96"
"110082","memig_exoji24","memig_exoji24@alfabank.ru","7 (924) 088-91-60"
"110083","moyeraz_owo28","moyeraz_owo28@alfabank.ru","7 (927) 642-09-37"
"110084","mifak-ewazu60","mifak-ewazu60@alfabank.ru","7 (921) 820-29-20"
"110085","funif_arulu24","funif_arulu24@alfabank.ru","7 (994) 707-72-40"
"110086","nenetag-asi92","nenetag-asi92@alfabank.ru","7 (996) 545-21-12"
"110087","zov_ekubihe20","zel-ekubihe20@alfabank.ru","7 (999) 124-48-59"
"110088","vehekar-iki75","vehekar-iki75@alfabank.ru","7 (902) 606-63-86"
"110089","ceba-coregu94","ceba-coregu94@alfabank.ru","7 (950) 665-34-91"
"110090","wuc-ogoxiso51","wuc-ogoxiso51@alfabank.ru","7 (969) 947-94-75"
"110091","supava_nove37","supava_nove37@alfabank.ru","7 (916) 662-98-02"
"110092","kih-upexodo75","kiy-upexodo75@alfabank.ru","7 (922) 674-06-17"
"110093","tutunov_ofi50","tutunov_ofi50@alfabank.ru","7 (991) 697-84-99"
"110094","yoz-umocoto22","yoz-umocoto22@alfabank.ru","7 (965) 829-38-76"
"110095","buwavo-difa68","buwavo-difa68@alfabank.ru","7 (965) 725-55-80"
"110096","gudil-okecu75","gudil-okecu75@alfabank.ru","7 (901) 497-32-75"
"110097","hobe_kevono12","hobe_kevono12@alfabank.ru","7 (991) 779-32-49"
"110098","wacuron_eme45","wacuron_eme45@alfabank.ru","7 (933) 468-17-41"
"110099","bozak-uwovi2","bozak-uwovi2@alfabank.ru","7 (991) 801-25-29"
"110100","hasu_joneni68","hasu_joneni68@alfabank.ru","7 (988) 634-85-48"
